dataset,eq,q,status,query_time_sec,hit,hit_reason,online_comm_bytes,offline_comm_bytes,online_comm_MB,offline_comm_MB,failed_step,qdir
hc,3,q0001,ok,5.440169811248779,1,unique_true_match,444853,810240,0.42424488067626953,0.772705078125,,E:\zyc\project\out\queries\pilot_protocol_hc_eq3\q0001
hc,3,q0002,ok,5.058786630630493,1,unique_true_match,77587,72384,0.07399272918701172,0.06903076171875,,E:\zyc\project\out\queries\pilot_protocol_hc_eq3\q0002
hc,3,q0003,ok,5.238999128341675,1,unique_true_match,327397,570496,0.31223011016845703,0.5440673828125,,E:\zyc\project\out\queries\pilot_protocol_hc_eq3\q0003
hc,3,q0004,ok,5.203912019729614,1,unique_true_match,315881,533568,0.30124759674072266,0.50885009765625,,E:\zyc\project\out\queries\pilot_protocol_hc_eq3\q0004
hc,3,q0005,ok,5.214651346206665,1,unique_true_match,431133,780032,0.4111604690551758,0.743896484375,,E:\zyc\project\out\queries\pilot_protocol_hc_eq3\q0005
hc,3,q0006,ok,5.236160755157471,1,unique_true_match,231226,373248,0.22051429748535156,0.35595703125,,E:\zyc\project\out\queries\pilot_protocol_hc_eq3\q0006
hc,3,q0007,ok,5.34377121925354,1,unique_true_match,373103,661888,0.3558187484741211,0.6312255859375,,E:\zyc\project\out\queries\pilot_protocol_hc_eq3\q0007
hc,3,q0008,ok,5.225404262542725,1,unique_true_match,286214,474688,0.27295494079589844,0.45269775390625,,E:\zyc\project\out\queries\pilot_protocol_hc_eq3\q0008
hc,3,q0009,ok,5.284931898117065,1,unique_true_match,329995,568960,0.31470775604248047,0.5426025390625,,E:\zyc\project\out\queries\pilot_protocol_hc_eq3\q0009
hc,3,q0010,ok,5.148479223251343,1,unique_true_match,108377,128896,0.10335636138916016,0.1229248046875,,E:\zyc\project\out\queries\pilot_protocol_hc_eq3\q0010
hc,3,q0011,ok,5.740699529647827,1,unique_true_match,837422,1590848,0.7986278533935547,1.51715087890625,,E:\zyc\project\out\queries\pilot_protocol_hc_eq3\q0011
hc,3,q0012,ok,5.448379278182983,1,unique_true_match,494913,907584,0.4719858169555664,0.86553955078125,,E:\zyc\project\out\queries\pilot_protocol_hc_eq3\q0012
hc,3,q0013,ok,5.398078680038452,1,unique_true_match,357463,632704,0.34090328216552734,0.6033935546875,,E:\zyc\project\out\queries\pilot_protocol_hc_eq3\q0013
hc,3,q0014,ok,5.703689098358154,1,unique_true_match,352824,592832,0.33647918701171875,0.56536865234375,,E:\zyc\project\out\queries\pilot_protocol_hc_eq3\q0014
hc,3,q0015,ok,5.497826099395752,1,unique_true_match,545993,1009920,0.5206995010375977,0.963134765625,,E:\zyc\project\out\queries\pilot_protocol_hc_eq3\q0015
hc,5,q0001,ok,5.554506778717041,1,unique_true_match,633247,1132672,0.6039113998413086,1.0802001953125,,E:\zyc\project\out\queries\pilot_protocol_hc_eq5\q0001
hc,5,q0002,ok,5.547210931777954,1,unique_true_match,692435,1249088,0.6603574752807617,1.19122314453125,,E:\zyc\project\out\queries\pilot_protocol_hc_eq5\q0002
hc,5,q0003,ok,5.314783096313477,1,unique_true_match,434086,725120,0.41397666931152344,0.6915283203125,,E:\zyc\project\out\queries\pilot_protocol_hc_eq5\q0003
hc,5,q0004,ok,5.390695333480835,1,unique_true_match,527220,918336,0.5027961730957031,0.87579345703125,,E:\zyc\project\out\queries\pilot_protocol_hc_eq5\q0004
hc,5,q0005,ok,5.546102285385132,1,unique_true_match,614828,1096512,0.5863456726074219,1.04571533203125,,E:\zyc\project\out\queries\pilot_protocol_hc_eq5\q0005
hc,5,q0006,ok,5.343713998794556,1,unique_true_match,379906,629952,0.3623065948486328,0.60076904296875,,E:\zyc\project\out\queries\pilot_protocol_hc_eq5\q0006
hc,5,q0007,ok,5.431351184844971,1,unique_true_match,455088,776384,0.4340057373046875,0.74041748046875,,E:\zyc\project\out\queries\pilot_protocol_hc_eq5\q0007
hc,5,q0008,ok,5.365653038024902,1,unique_true_match,500488,870336,0.47730255126953125,0.83001708984375,,E:\zyc\project\out\queries\pilot_protocol_hc_eq5\q0008
hc,5,q0009,ok,5.623575448989868,1,unique_true_match,563273,992704,0.5371789932250977,0.94671630859375,,E:\zyc\project\out\queries\pilot_protocol_hc_eq5\q0009
hc,5,q0010,ok,5.606917142868042,1,unique_true_match,639496,1140800,0.6098709106445312,1.08795166015625,,E:\zyc\project\out\queries\pilot_protocol_hc_eq5\q0010
hc,5,q0011,ok,5.424230575561523,1,unique_true_match,315930,498176,0.30129432678222656,0.47509765625,,E:\zyc\project\out\queries\pilot_protocol_hc_eq5\q0011
hc,5,q0012,ok,5.4188392162323,1,unique_true_match,449740,729024,0.4289054870605469,0.69525146484375,,E:\zyc\project\out\queries\pilot_protocol_hc_eq5\q0012
hc,5,q0013,ok,5.576643466949463,1,unique_true_match,686581,1242368,0.6547746658325195,1.184814453125,,E:\zyc\project\out\queries\pilot_protocol_hc_eq5\q0013
hc,5,q0014,ok,5.415572166442871,1,unique_true_match,527139,919744,0.5027189254760742,0.87713623046875,,E:\zyc\project\out\queries\pilot_protocol_hc_eq5\q0014
hc,5,q0015,ok,5.316020727157593,1,unique_true_match,437282,741248,0.4170246124267578,0.7069091796875,,E:\zyc\project\out\queries\pilot_protocol_hc_eq5\q0015
hc,7,q0001,ok,5.663712978363037,1,unique_true_match,699893,1203776,0.6674699783325195,1.14801025390625,,E:\zyc\project\out\queries\pilot_protocol_hc_eq7\q0001
hc,7,q0002,ok,5.833221912384033,1,unique_true_match,806875,1420928,0.769495964050293,1.3551025390625,,E:\zyc\project\out\queries\pilot_protocol_hc_eq7\q0002
hc,7,q0003,ok,5.580270767211914,1,unique_true_match,678071,1167232,0.6466588973999023,1.1131591796875,,E:\zyc\project\out\queries\pilot_protocol_hc_eq7\q0003
hc,7,q0004,ok,5.3725903034210205,1,unique_true_match,499994,810176,0.47683143615722656,0.77264404296875,,E:\zyc\project\out\queries\pilot_protocol_hc_eq7\q0004
hc,7,q0005,ok,5.46610689163208,1,unique_true_match,659988,1127040,0.6294136047363281,1.0748291015625,,E:\zyc\project\out\queries\pilot_protocol_hc_eq7\q0005
hc,7,q0006,ok,5.794968128204346,1,unique_true_match,644235,1084864,0.6143903732299805,1.03460693359375,,E:\zyc\project\out\queries\pilot_protocol_hc_eq7\q0006
hc,7,q0007,ok,5.4950034618377686,1,unique_true_match,716542,1232448,0.6833477020263672,1.17535400390625,,E:\zyc\project\out\queries\pilot_protocol_hc_eq7\q0007
hc,7,q0008,ok,5.517306327819824,1,unique_true_match,541058,877824,0.5159931182861328,0.837158203125,,E:\zyc\project\out\queries\pilot_protocol_hc_eq7\q0008
hc,7,q0009,ok,6.062445163726807,1,unique_true_match,1195010,2186880,1.1396503448486328,2.0855712890625,,E:\zyc\project\out\queries\pilot_protocol_hc_eq7\q0009
hc,7,q0010,ok,5.690245628356934,1,unique_true_match,726750,1260416,0.6930828094482422,1.2020263671875,,E:\zyc\project\out\queries\pilot_protocol_hc_eq7\q0010
hc,7,q0011,ok,5.631852865219116,1,unique_true_match,663267,1130944,0.6325407028198242,1.07855224609375,,E:\zyc\project\out\queries\pilot_protocol_hc_eq7\q0011
hc,7,q0012,ok,5.110885381698608,1,unique_true_match,196149,178688,0.18706226348876953,0.17041015625,,E:\zyc\project\out\queries\pilot_protocol_hc_eq7\q0012
hc,7,q0013,ok,5.605790138244629,1,unique_true_match,764611,1330560,0.7291898727416992,1.2689208984375,,E:\zyc\project\out\queries\pilot_protocol_hc_eq7\q0013
hc,7,q0014,ok,5.423854112625122,1,unique_true_match,489390,775680,0.4667186737060547,0.73974609375,,E:\zyc\project\out\queries\pilot_protocol_hc_eq7\q0014
hc,7,q0015,ok,5.529058218002319,1,unique_true_match,664243,1124480,0.6334714889526367,1.0723876953125,,E:\zyc\project\out\queries\pilot_protocol_hc_eq7\q0015
hc,9,q0001,ok,5.616239786148071,1,unique_true_match,676711,1092672,0.6453619003295898,1.04205322265625,,E:\zyc\project\out\queries\pilot_protocol_hc_eq9\q0001
hc,9,q0002,ok,6.752735614776611,1,unique_true_match,1861861,3458432,1.775609016418457,3.2982177734375,,E:\zyc\project\out\queries\pilot_protocol_hc_eq9\q0002
hc,9,q0003,ok,5.656169652938843,1,unique_true_match,776557,1307200,0.7405824661254883,1.24664306640625,,E:\zyc\project\out\queries\pilot_protocol_hc_eq9\q0003
hc,9,q0004,ok,5.54060959815979,1,unique_true_match,569124,882944,0.5427589416503906,0.842041015625,,E:\zyc\project\out\queries\pilot_protocol_hc_eq9\q0004
hc,9,q0005,ok,5.55773401260376,1,unique_true_match,731951,1197504,0.6980428695678711,1.14202880859375,,E:\zyc\project\out\queries\pilot_protocol_hc_eq9\q0005
hc,9,q0006,ok,5.75503945350647,1,unique_true_match,708451,1149888,0.6756315231323242,1.09661865234375,,E:\zyc\project\out\queries\pilot_protocol_hc_eq9\q0006
hc,9,q0007,ok,5.575497388839722,1,unique_true_match,739113,1224192,0.7048730850219727,1.16748046875,,E:\zyc\project\out\queries\pilot_protocol_hc_eq9\q0007
hc,9,q0008,ok,5.3599631786346436,1,unique_true_match,473259,678848,0.45133495330810547,0.64739990234375,,E:\zyc\project\out\queries\pilot_protocol_hc_eq9\q0008
hc,9,q0009,ok,5.383116006851196,1,unique_true_match,559189,843712,0.5332841873168945,0.80462646484375,,E:\zyc\project\out\queries\pilot_protocol_hc_eq9\q0009
hc,9,q0010,ok,5.5594775676727295,1,unique_true_match,840653,1414720,0.8017091751098633,1.34918212890625,,E:\zyc\project\out\queries\pilot_protocol_hc_eq9\q0010
hc,9,q0011,ok,5.565020561218262,1,unique_true_match,592345,911552,0.5649042129516602,0.86932373046875,,E:\zyc\project\out\queries\pilot_protocol_hc_eq9\q0011
hc,9,q0012,ok,5.502619981765747,1,unique_true_match,610764,962368,0.5824699401855469,0.91778564453125,,E:\zyc\project\out\queries\pilot_protocol_hc_eq9\q0012
hc,9,q0013,ok,5.447794198989868,1,unique_true_match,634249,1003584,0.6048669815063477,0.95709228515625,,E:\zyc\project\out\queries\pilot_protocol_hc_eq9\q0013
hc,9,q0014,ok,5.541380405426025,1,unique_true_match,722719,1189888,0.6892385482788086,1.134765625,,E:\zyc\project\out\queries\pilot_protocol_hc_eq9\q0014
hc,9,q0015,ok,5.572407484054565,1,unique_true_match,757458,1265344,0.7223682403564453,1.20672607421875,,E:\zyc\project\out\queries\pilot_protocol_hc_eq9\q0015
