query_size,dataset,n,secStep1_2_online_MB,secStep1_2_offline_MB,secStep4_online_MB,secStep4_offline_MB
3,HC,15,0.074,0.065,0.276,0.552
3,MA,15,1.022,1.011,0.63,1.259
3,WT,15,73.715,60.512,3.513,7.025
5,HC,15,0.119,0.108,0.381,0.761
5,MA,15,1.716,1.697,1.157,2.312
5,WT,15,145.003,118.063,0.113,0.225
7,HC,15,0.172,0.155,0.46,0.92
7,MA,15,2.405,2.378,1.459,2.917
7,WT,15,53.909,48.173,0.045,0.09
9,HC,15,0.226,0.204,0.489,0.977
9,MA,15,3.081,3.049,1.964,3.926
9,WT,15,55.264,51.123,0.048,0.096
