dataset,query_size,query,status,summary_file,secStep1_2_s,secStep3_s,secStep4_s,grouped_total_s,recorded_seconds_s,time_difference_s,secStep1_2_online_bytes,secStep1_2_offline_bytes,secStep4_online_bytes,secStep4_offline_bytes,secStep1_2_online_MB,secStep1_2_offline_MB,secStep4_online_MB,secStep4_offline_MB
HC,3,q0001,ok,E:\zyc\project\out\queries\pilot_protocol_hc_eq3\_summary.json,2.1457393169403076,0.9105532169342041,2.3838772773742676,5.440169811248779,5.440169811248779,0.0,72238,66112,372615,744128,0.06889152526855469,0.06304931640625,0.35535335540771484,0.70965576171875
HC,3,q0002,ok,E:\zyc\project\out\queries\pilot_protocol_hc_eq3\_summary.json,2.1405348777770996,0.7248530387878418,2.1933987140655518,5.058786630630493,5.058786630630493,0.0,74374,67008,3213,5376,0.07092857360839844,0.06390380859375,0.0030641555786132812,0.005126953125
HC,3,q0003,ok,E:\zyc\project\out\queries\pilot_protocol_hc_eq3\_summary.json,2.1227166652679443,0.8625264167785645,2.253756046295166,5.238999128341675,5.238999128341675,0.0,74948,66688,252449,503808,0.07147598266601562,0.0635986328125,0.2407541275024414,0.48046875
HC,3,q0004,ok,E:\zyc\project\out\queries\pilot_protocol_hc_eq3\_summary.json,2.117520570755005,0.7986054420471191,2.2877860069274902,5.203912019729614,5.203912019729614,0.0,84456,71808,231425,461760,0.08054351806640625,0.0684814453125,0.2207040786743164,0.44036865234375
HC,3,q0005,ok,E:\zyc\project\out\queries\pilot_protocol_hc_eq3\_summary.json,2.058328628540039,0.8472843170166016,2.3090384006500244,5.214651346206665,5.214651346206665,0.0,73878,66624,357255,713408,0.07045555114746094,0.06353759765625,0.34070491790771484,0.68035888671875
HC,3,q0006,ok,E:\zyc\project\out\queries\pilot_protocol_hc_eq3\_summary.json,2.0963022708892822,0.8551726341247559,2.2846858501434326,5.236160755157471,5.236160755157471,0.0,78361,68608,152865,304640,0.07473087310791016,0.0654296875,0.1457834243774414,0.29052734375
HC,3,q0007,ok,E:\zyc\project\out\queries\pilot_protocol_hc_eq3\_summary.json,2.1261935234069824,0.8688757419586182,2.3487019538879395,5.34377121925354,5.34377121925354,0.0,74958,66688,298145,595200,0.07148551940917969,0.0635986328125,0.2843332290649414,0.567626953125
HC,3,q0008,ok,E:\zyc\project\out\queries\pilot_protocol_hc_eq3\_summary.json,2.1102497577667236,0.8438889980316162,2.2712655067443848,5.225404262542725,5.225404262542725,0.0,84069,71488,202145,403200,0.08017444610595703,0.06817626953125,0.1927804946899414,0.384521484375
HC,3,q0009,ok,E:\zyc\project\out\queries\pilot_protocol_hc_eq3\_summary.json,2.100548267364502,0.8392062187194824,2.345177412033081,5.284931898117065,5.284931898117065,0.0,79850,69760,250145,499200,0.07615089416503906,0.0665283203125,0.2385568618774414,0.47607421875
HC,3,q0010,ok,E:\zyc\project\out\queries\pilot_protocol_hc_eq3\_summary.json,2.0772063732147217,0.8519072532653809,2.2193655967712402,5.148479223251343,5.148479223251343,0.0,77890,68992,30487,59904,0.07428169250488281,0.0657958984375,0.029074668884277344,0.05712890625
HC,3,q0011,ok,E:\zyc\project\out\queries\pilot_protocol_hc_eq3\_summary.json,2.1429896354675293,1.076873779296875,2.520836114883423,5.740699529647827,5.740699529647827,0.0,75331,67776,762091,1523072,0.07184123992919922,0.06463623046875,0.7267866134643555,1.4525146484375
HC,3,q0012,ok,E:\zyc\project\out\queries\pilot_protocol_hc_eq3\_summary.json,2.0724072456359863,0.940824031829834,2.435148000717163,5.448379278182983,5.448379278182983,0.0,73878,66624,421035,840960,0.07045555114746094,0.06353759765625,0.40153026580810547,0.802001953125
HC,3,q0013,ok,E:\zyc\project\out\queries\pilot_protocol_hc_eq3\_summary.json,2.14106822013855,0.913222074508667,2.3437883853912354,5.398078680038452,5.398078680038452,0.0,73878,66624,283585,566080,0.07045555114746094,0.06353759765625,0.2704477310180664,0.53985595703125
HC,3,q0014,ok,E:\zyc\project\out\queries\pilot_protocol_hc_eq3\_summary.json,2.131176233291626,0.866405725479126,2.7061071395874023,5.703689098358154,5.703689098358154,0.0,93271,74816,259553,518016,0.08895015716552734,0.07135009765625,0.2475290298461914,0.4940185546875
HC,3,q0015,ok,E:\zyc\project\out\queries\pilot_protocol_hc_eq3\_summary.json,2.0967655181884766,0.956289529800415,2.4447710514068604,5.497826099395752,5.497826099395752,0.0,74398,67840,471595,942080,0.07095146179199219,0.064697265625,0.44974803924560547,0.8984375
MA,3,q0001,ok,E:\zyc\project\out_ma\queries\pilot_protocol_ma_eq3\_summary.json,2.6770358085632324,63.225919008255005,2.780738115310669,68.6836929321289,68.6836929321289,0.0,1064741,1057024,616907,1232704,1.015416145324707,1.008056640625,0.5883283615112305,1.17559814453125
MA,3,q0002,ok,E:\zyc\project\out_ma\queries\pilot_protocol_ma_eq3\_summary.json,2.7818119525909424,26.70901894569397,3.078122138977051,32.56895303726196,32.56895303726196,0.0,1069512,1058368,1763115,3525120,1.0199661254882812,1.00933837890625,1.6814374923706055,3.36181640625
MA,3,q0003,ok,E:\zyc\project\out_ma\queries\pilot_protocol_ma_eq3\_summary.json,5.149637460708618,16.469408750534058,2.714869737625122,24.333915948867798,24.333915948867798,0.0,1108110,1090880,996459,1991808,1.0567760467529297,1.04034423828125,0.9502973556518555,1.8995361328125
MA,3,q0004,ok,E:\zyc\project\out_ma\queries\pilot_protocol_ma_eq3\_summary.json,2.6959683895111084,14.767826318740845,2.407282590866089,19.871077299118042,19.871077299118042,0.0,1066257,1053312,477355,953600,1.016861915588379,1.0045166015625,0.45524120330810547,0.909423828125
MA,3,q0005,ok,E:\zyc\project\out_ma\queries\pilot_protocol_ma_eq3\_summary.json,4.853434801101685,10.454768419265747,2.2272675037384033,17.535470724105835,17.535470724105835,0.0,1153486,1114048,81665,162240,1.1000499725341797,1.06243896484375,0.0778818130493164,0.15472412109375
MA,3,q0006,ok,E:\zyc\project\out_ma\queries\pilot_protocol_ma_eq3\_summary.json,2.310955286026001,16.667560338974,2.4149703979492188,21.39348602294922,21.39348602294922,0.0,1061463,1051200,483371,965632,1.0122900009155273,1.00250244140625,0.46097850799560547,0.9208984375
MA,3,q0007,ok,E:\zyc\project\out_ma\queries\pilot_protocol_ma_eq3\_summary.json,2.785026788711548,18.080894708633423,2.4914817810058594,23.35740327835083,23.35740327835083,0.0,1060884,1052352,650091,1299072,1.0117378234863281,1.00360107421875,0.6199750900268555,1.2388916015625
MA,3,q0008,ok,E:\zyc\project\out_ma\queries\pilot_protocol_ma_eq3\_summary.json,2.4168012142181396,14.941882610321045,2.421947717666626,19.78063154220581,19.78063154220581,0.0,1060313,1051840,497835,994560,1.0111932754516602,1.00311279296875,0.47477245330810547,0.948486328125
MA,3,q0009,ok,E:\zyc\project\out_ma\queries\pilot_protocol_ma_eq3\_summary.json,2.689993381500244,17.007270336151123,2.4723448753356934,22.16960859298706,22.16960859298706,0.0,1067467,1057600,637035,1272960,1.0180158615112305,1.00860595703125,0.6075239181518555,1.2139892578125
MA,3,q0010,ok,E:\zyc\project\out_ma\queries\pilot_protocol_ma_eq3\_summary.json,2.4550399780273438,17.33683705329895,2.589346408843994,22.381223440170288,22.381223440170288,0.0,1057924,1049984,862251,1723392,1.0089149475097656,1.0013427734375,0.8223066329956055,1.6435546875
MA,3,q0011,ok,E:\zyc\project\out_ma\queries\pilot_protocol_ma_eq3\_summary.json,2.8684945106506348,15.718505859375,3.054210901260376,21.64121127128601,21.64121127128601,0.0,1058313,1050240,522795,1044480,1.0092859268188477,1.0015869140625,0.49857616424560547,0.99609375
MA,3,q0012,ok,E:\zyc\project\out_ma\queries\pilot_protocol_ma_eq3\_summary.json,2.4731366634368896,15.986083269119263,2.817390203475952,21.276610136032104,21.276610136032104,0.0,1076562,1060864,579083,1157056,1.0266895294189453,1.01171875,0.5522565841674805,1.10345458984375
MA,3,q0013,ok,E:\zyc\project\out_ma\queries\pilot_protocol_ma_eq3\_summary.json,2.473346471786499,15.739101648330688,2.510326862335205,20.722774982452393,20.722774982452393,0.0,1061179,1051712,555243,1109376,1.012019157409668,1.00299072265625,0.5295209884643555,1.0579833984375
MA,3,q0014,ok,E:\zyc\project\out_ma\queries\pilot_protocol_ma_eq3\_summary.json,2.414541244506836,17.063716650009155,2.701303720474243,22.179561614990234,22.179561614990234,0.0,1060127,1050944,774699,1548288,1.0110158920288086,1.00225830078125,0.7388105392456055,1.4765625
MA,3,q0015,ok,E:\zyc\project\out_ma\queries\pilot_protocol_ma_eq3\_summary.json,2.193107843399048,15.270734786987305,2.420647621154785,19.884490251541138,19.884490251541138,0.0,1053691,1048192,409131,817152,1.004878044128418,0.9996337890625,0.39017772674560547,0.779296875
WT,3,q0001,ok,E:\zyc\project\out_wt\queries\pilot_protocol_wt_eq3\_summary.json,15.038346767425537,558.2046222686768,3.6792054176330566,576.9221744537354,576.9221744537354,0.0,72817372,60171968,2940459,5879808,69.44405746459961,57.38446044921875,2.8042402267456055,5.607421875
WT,3,q0002,ok,E:\zyc\project\out_wt\queries\pilot_protocol_wt_eq3\_summary.json,16.471814155578613,349.1358606815338,3.2882943153381348,368.89596915245056,368.89596915245056,0.0,66621442,55279680,2095659,4190208,63.53515815734863,52.71881103515625,1.9985761642456055,3.99609375
WT,3,q0003,ok,E:\zyc\project\out_wt\queries\pilot_protocol_wt_eq3\_summary.json,5.663333177566528,1453.6638367176056,13.236417531967163,1472.5635874271393,1472.5635874271393,0.0,23335318,20906816,11898659,23795200,22.25429344177246,19.93829345703125,11.347445487976074,22.69287109375
WT,3,q0004,ok,E:\zyc\project\out_wt\queries\pilot_protocol_wt_eq3\_summary.json,157.6850368976593,113.1703507900238,2.8140645027160645,273.66945219039917,273.66945219039917,0.0,341219919,273882048,9047,17024,325.412672996521,261.19427490234375,0.008627891540527344,0.0162353515625
WT,3,q0005,ok,E:\zyc\project\out_wt\queries\pilot_protocol_wt_eq3\_summary.json,14.04683518409729,152.09420776367188,2.9450831413269043,169.08612608909607,169.08612608909607,0.0,48766177,41073856,233505,465920,46.50705051422119,39.17108154296875,0.2226877212524414,0.4443359375
WT,3,q0006,ok,E:\zyc\project\out_wt\queries\pilot_protocol_wt_eq3\_summary.json,5.927966833114624,317.9376001358032,3.326545476913452,327.1921124458313,327.1921124458313,0.0,21563422,19539648,2085099,4169088,20.564481735229492,18.63446044921875,1.9885053634643555,3.9759521484375
WT,3,q0007,ok,E:\zyc\project\out_wt\queries\pilot_protocol_wt_eq3\_summary.json,31.720951557159424,257.34449005126953,2.277726411819458,291.3431680202484,291.3431680202484,0.0,99884526,81387392,115745,230400,95.2573070526123,77.6170654296875,0.1103830337524414,0.2197265625
WT,3,q0008,ok,E:\zyc\project\out_wt\queries\pilot_protocol_wt_eq3\_summary.json,21.418915271759033,1167.5476944446564,10.963706731796265,1199.9303164482117,1199.9303164482117,0.0,75653698,62176704,6660751,13319424,72.14898872375488,59.29632568359375,6.352187156677246,12.702392578125
WT,3,q0009,ok,E:\zyc\project\out_wt\queries\pilot_protocol_wt_eq3\_summary.json,50.03357481956482,959.1614711284637,5.680126428604126,1014.8751723766327,1014.8751723766327,0.0,78802821,64073280,6447535,12892992,75.15222644805908,61.10504150390625,6.148848533630371,12.29571533203125
WT,3,q0010,ok,E:\zyc\project\out_wt\queries\pilot_protocol_wt_eq3\_summary.json,37.189435958862305,303.7290382385254,5.04223108291626,345.96070528030396,345.96070528030396,0.0,101337478,80726592,1568555,3136000,96.6429500579834,76.98687744140625,1.4958906173706055,2.99072265625
WT,3,q0011,ok,E:\zyc\project\out_wt\queries\pilot_protocol_wt_eq3\_summary.json,36.31539845466614,419.00192499160767,5.209820747375488,460.5271441936493,460.5271441936493,0.0,71667352,59433472,1968235,3935360,68.3473129272461,56.68017578125,1.8770551681518555,3.7530517578125
WT,3,q0012,ok,E:\zyc\project\out_wt\queries\pilot_protocol_wt_eq3\_summary.json,38.40107345581055,664.3749127388,5.437408685684204,708.2133948802948,708.2133948802948,0.0,48249864,39212416,5634613,11268096,46.01465606689453,37.3958740234375,5.3735857009887695,10.74609375
WT,3,q0013,ok,E:\zyc\project\out_wt\queries\pilot_protocol_wt_eq3\_summary.json,8.010298490524292,624.3651750087738,4.696394443511963,637.0718679428101,637.0718679428101,0.0,33092228,28366528,4486453,8971776,31.559207916259766,27.05242919921875,4.2786149978637695,8.55615234375
WT,3,q0014,ok,E:\zyc\project\out_wt\queries\pilot_protocol_wt_eq3\_summary.json,4.759803295135498,946.8346025943756,7.6538519859313965,959.2482578754425,959.2482578754425,0.0,18370562,16960640,8857625,17713152,17.519533157348633,16.1749267578125,8.44728946685791,16.892578125
WT,3,q0015,ok,E:\zyc\project\out_wt\queries\pilot_protocol_wt_eq3\_summary.json,12.990164995193481,180.62962770462036,3.004626512527466,196.6244192123413,196.6244192123413,0.0,58049122,48587328,254689,508288,55.35995674133301,46.33648681640625,0.2428903579711914,0.4847412109375
HC,5,q0001,ok,E:\zyc\project\out\queries\pilot_protocol_hc_eq5\_summary.json,2.105944871902466,0.985584020614624,2.462977886199951,5.554506778717041,5.554506778717041,0.0,122804,112896,510443,1019776,0.11711502075195312,0.107666015625,0.48679637908935547,0.9725341796875
HC,5,q0002,ok,E:\zyc\project\out\queries\pilot_protocol_hc_eq5\_summary.json,2.1176629066467285,0.9621293544769287,2.467418670654297,5.547210931777954,5.547210931777954,0.0,124424,114176,568011,1134912,0.11865997314453125,0.10888671875,0.5416975021362305,1.08233642578125
HC,5,q0003,ok,E:\zyc\project\out\queries\pilot_protocol_hc_eq5\_summary.json,2.0867197513580322,0.8814189434051514,2.346644401550293,5.314783096313477,5.314783096313477,0.0,129157,116352,304929,608768,0.12317371368408203,0.1109619140625,0.2908029556274414,0.58056640625
HC,5,q0004,ok,E:\zyc\project\out\queries\pilot_protocol_hc_eq5\_summary.json,2.095008611679077,0.9411132335662842,2.3545734882354736,5.390695333480835,5.390695333480835,0.0,124041,113088,403179,805248,0.11829471588134766,0.10784912109375,0.38450145721435547,0.7679443359375
HC,5,q0005,ok,E:\zyc\project\out\queries\pilot_protocol_hc_eq5\_summary.json,2.0933666229248047,1.0076684951782227,2.4450671672821045,5.546102285385132,5.546102285385132,0.0,122241,112448,492587,984064,0.1165781021118164,0.10723876953125,0.46976757049560547,0.9384765625
HC,5,q0006,ok,E:\zyc\project\out\queries\pilot_protocol_hc_eq5\_summary.json,2.0845794677734375,0.9296865463256836,2.3294479846954346,5.343713998794556,5.343713998794556,0.0,119521,110272,260385,519680,0.1139841079711914,0.10516357421875,0.2483224868774414,0.49560546875
HC,5,q0007,ok,E:\zyc\project\out\queries\pilot_protocol_hc_eq5\_summary.json,2.103483200073242,0.9721693992614746,2.355698585510254,5.431351184844971,5.431351184844971,0.0,122121,111552,332967,664832,0.11646366119384766,0.10638427734375,0.31754207611083984,0.634033203125
HC,5,q0008,ok,E:\zyc\project\out\queries\pilot_protocol_hc_eq5\_summary.json,2.1015377044677734,0.8886792659759521,2.3754360675811768,5.365653038024902,5.365653038024902,0.0,120161,110784,380327,759552,0.1145944595336914,0.10565185546875,0.36270809173583984,0.724365234375
HC,5,q0009,ok,E:\zyc\project\out\queries\pilot_protocol_hc_eq5\_summary.json,2.114326238632202,1.01949143409729,2.489757776260376,5.623575448989868,5.623575448989868,0.0,122814,112896,440459,879808,0.11712455749511719,0.107666015625,0.42005443572998047,0.83905029296875
HC,5,q0010,ok,E:\zyc\project\out\queries\pilot_protocol_hc_eq5\_summary.json,2.122648000717163,0.992424726486206,2.491844415664673,5.606917142868042,5.606917142868042,0.0,125757,114432,513739,1026368,0.11993122100830078,0.109130859375,0.48993968963623047,0.97882080078125
HC,5,q0011,ok,E:\zyc\project\out\queries\pilot_protocol_hc_eq5\_summary.json,2.186990976333618,0.8969085216522217,2.3403310775756836,5.424230575561523,5.424230575561523,0.0,122041,111488,193889,386688,0.11638736724853516,0.1063232421875,0.1849069595336914,0.3687744140625
HC,5,q0012,ok,E:\zyc\project\out\queries\pilot_protocol_hc_eq5\_summary.json,2.141864538192749,0.9511651992797852,2.3258094787597656,5.4188392162323,5.4188392162323,0.0,145963,122560,303777,606464,0.13920116424560547,0.11688232421875,0.2897043228149414,0.578369140625
HC,5,q0013,ok,E:\zyc\project\out\queries\pilot_protocol_hc_eq5\_summary.json,2.098799467086792,0.9902291297912598,2.487614870071411,5.576643466949463,5.576643466949463,0.0,120298,110912,566283,1131456,0.11472511291503906,0.10577392578125,0.5400495529174805,1.07904052734375
HC,5,q0014,ok,E:\zyc\project\out\queries\pilot_protocol_hc_eq5\_summary.json,2.1192374229431152,0.9409408569335938,2.355393886566162,5.415572166442871,5.415572166442871,0.0,123384,113344,403755,806400,0.11766815185546875,0.10809326171875,0.38505077362060547,0.76904296875
HC,5,q0015,ok,E:\zyc\project\out\queries\pilot_protocol_hc_eq5\_summary.json,2.0865886211395264,0.9154477119445801,2.3139843940734863,5.316020727157593,5.316020727157593,0.0,122401,112576,314881,628672,0.1167306900024414,0.10736083984375,0.3002939224243164,0.59954833984375
MA,5,q0001,ok,E:\zyc\project\out_ma\queries\pilot_protocol_ma_eq5\_summary.json,2.6595351696014404,19.306451082229614,2.399158477783203,24.365144729614258,24.365144729614258,0.0,1773084,1755968,460235,919360,1.6909446716308594,1.67462158203125,0.43891429901123047,0.87677001953125
MA,5,q0002,ok,E:\zyc\project\out_ma\queries\pilot_protocol_ma_eq5\_summary.json,3.79508638381958,21.95707058906555,3.0625088214874268,28.81466579437256,28.81466579437256,0.0,1805445,1784256,1809707,3618304,1.721806526184082,1.70159912109375,1.7258710861206055,3.45068359375
MA,5,q0003,ok,E:\zyc\project\out_ma\queries\pilot_protocol_ma_eq5\_summary.json,4.300220966339111,27.5693678855896,3.118143320083618,34.98773217201233,34.98773217201233,0.0,1813172,1791232,1828043,3654976,1.7291755676269531,1.708251953125,1.7433576583862305,3.48565673828125
MA,5,q0004,ok,E:\zyc\project\out_ma\queries\pilot_protocol_ma_eq5\_summary.json,3.0152430534362793,25.675187587738037,2.9901511669158936,31.68058180809021,31.68058180809021,0.0,1813648,1790016,1183019,2364928,1.7296295166015625,1.70709228515625,1.1282148361206055,2.25537109375
MA,5,q0005,ok,E:\zyc\project\out_ma\queries\pilot_protocol_ma_eq5\_summary.json,2.3824024200439453,24.581829071044922,2.82412052154541,29.788352012634277,29.788352012634277,0.0,1760946,1750272,1106731,2212352,1.6793689727783203,1.669189453125,1.0554609298706055,2.10986328125
MA,5,q0006,ok,E:\zyc\project\out_ma\queries\pilot_protocol_ma_eq5\_summary.json,2.3804056644439697,22.664994478225708,2.73608136177063,27.781481504440308,27.781481504440308,0.0,1767644,1753984,780715,1560320,1.6857566833496094,1.6727294921875,0.7445478439331055,1.488037109375
MA,5,q0007,ok,E:\zyc\project\out_ma\queries\pilot_protocol_ma_eq5\_summary.json,2.9339382648468018,23.02943253517151,2.725548505783081,28.68891930580139,28.68891930580139,0.0,1867841,1833344,1012523,2023936,1.7813119888305664,1.7484130859375,0.9656171798706055,1.93017578125
MA,5,q0008,ok,E:\zyc\project\out_ma\queries\pilot_protocol_ma_eq5\_summary.json,2.549204111099243,26.645129442214966,2.846372365951538,32.04070591926575,32.04070591926575,0.0,1776089,1762368,1349643,2698176,1.6938104629516602,1.68072509765625,1.2871198654174805,2.57318115234375
MA,5,q0009,ok,E:\zyc\project\out_ma\queries\pilot_protocol_ma_eq5\_summary.json,2.344785451889038,26.109588384628296,2.6552298069000244,31.10960364341736,31.10960364341736,0.0,1773285,1758528,891275,1781440,1.691136360168457,1.67706298828125,0.8499860763549805,1.69891357421875
MA,5,q0010,ok,E:\zyc\project\out_ma\queries\pilot_protocol_ma_eq5\_summary.json,6.044665575027466,25.621917247772217,2.8450965881347656,34.51167941093445,34.51167941093445,0.0,1920758,1876480,1258155,2515200,1.831777572631836,1.78955078125,1.1998701095581055,2.398681640625
MA,5,q0011,ok,E:\zyc\project\out_ma\queries\pilot_protocol_ma_eq5\_summary.json,2.6989428997039795,24.8133864402771,3.0344834327697754,30.546812772750854,30.546812772750854,0.0,1777358,1762560,1462443,2923776,1.6950206756591797,1.680908203125,1.3946943283081055,2.788330078125
MA,5,q0012,ok,E:\zyc\project\out_ma\queries\pilot_protocol_ma_eq5\_summary.json,2.748744487762451,25.791091442108154,2.7993247509002686,31.339160680770874,31.339160680770874,0.0,1784852,1768576,1123755,2246400,1.7021675109863281,1.6866455078125,1.0716962814331055,2.142333984375
MA,5,q0013,ok,E:\zyc\project\out_ma\queries\pilot_protocol_ma_eq5\_summary.json,2.8263609409332275,25.62845778465271,2.9464917182922363,31.401310443878174,31.401310443878174,0.0,1775935,1760640,1464171,2927232,1.6936635971069336,1.6790771484375,1.3963422775268555,2.7916259765625
MA,5,q0014,ok,E:\zyc\project\out_ma\queries\pilot_protocol_ma_eq5\_summary.json,2.687753438949585,26.47331953048706,2.7254996299743652,31.88657259941101,31.88657259941101,0.0,1786132,1769600,1072171,2143232,1.7033882141113281,1.6876220703125,1.0225019454956055,2.0439453125
MA,5,q0015,ok,E:\zyc\project\out_ma\queries\pilot_protocol_ma_eq5\_summary.json,2.3861615657806396,27.52368402481079,2.9025750160217285,32.81242060661316,32.81242060661316,0.0,1791455,1773056,1388203,2775296,1.7084646224975586,1.69091796875,1.3238935470581055,2.646728515625
WT,5,q0001,ok,E:\zyc\project\out_wt\queries\pilot_protocol_wt_eq5\_summary.json,15.420353889465332,230.01949954032898,4.413569450378418,249.85342288017273,249.85342288017273,0.0,65266816,55614592,1005867,2010624,62.2432861328125,53.0382080078125,0.9592695236206055,1.91748046875
WT,5,q0002,ok,E:\zyc\project\out_wt\queries\pilot_protocol_wt_eq5\_summary.json,12.094480276107788,180.8302459716797,3.205308198928833,196.1300344467163,196.1300344467163,0.0,35623276,32460288,141665,282240,33.97300338745117,30.95654296875,0.1351022720336914,0.2691650390625
WT,5,q0003,ok,E:\zyc\project\out_wt\queries\pilot_protocol_wt_eq5\_summary.json,14.0545072555542,113.80227541923523,2.221538782119751,130.07832145690918,130.07832145690918,0.0,60754436,52128576,44705,88320,57.939945220947266,49.71368408203125,0.042634010314941406,0.084228515625
WT,5,q0004,ok,E:\zyc\project\out_wt\queries\pilot_protocol_wt_eq5\_summary.json,200.82459092140198,142.4888825416565,3.1549432277679443,346.4684166908264,346.4684166908264,0.0,108882113,79906368,214945,428800,103.83807468414307,76.20465087890625,0.2049875259399414,0.408935546875
WT,5,q0005,ok,E:\zyc\project\out_wt\queries\pilot_protocol_wt_eq5\_summary.json,45.631078004837036,149.39432334899902,2.9492640495300293,197.9746654033661,197.9746654033661,0.0,69220944,55026816,56993,112896,66.01423645019531,52.4776611328125,0.054352760314941406,0.107666015625
WT,5,q0006,ok,E:\zyc\project\out_wt\queries\pilot_protocol_wt_eq5\_summary.json,7.860954999923706,126.55637240409851,3.0219783782958984,137.43930578231812,137.43930578231812,0.0,30682851,28507072,61697,122304,29.261446952819824,27.18646240234375,0.058838844299316406,0.11663818359375
WT,5,q0007,ok,E:\zyc\project\out_wt\queries\pilot_protocol_wt_eq5\_summary.json,76.02446126937866,149.95687079429626,2.9573681354522705,228.9387001991272,228.9387001991272,0.0,187153022,150906944,21527,41984,178.48303031921387,143.91607666015625,0.020529747009277344,0.0400390625
WT,5,q0008,ok,E:\zyc\project\out_wt\queries\pilot_protocol_wt_eq5\_summary.json,10.192605018615723,114.2188789844513,3.2311980724334717,127.64268207550049,127.64268207550049,0.0,38328446,34574528,51233,101376,36.55285453796387,32.97283935546875,0.048859596252441406,0.0966796875
WT,5,q0009,ok,E:\zyc\project\out_wt\queries\pilot_protocol_wt_eq5\_summary.json,65.30915307998657,112.4064531326294,3.003723382949829,180.7193295955658,180.7193295955658,0.0,199391592,162608384,10039,19008,190.1546401977539,155.075439453125,0.009573936462402344,0.01812744140625
WT,5,q0010,ok,E:\zyc\project\out_wt\queries\pilot_protocol_wt_eq5\_summary.json,392.4105215072632,132.28219294548035,2.8466429710388184,527.5393574237823,527.5393574237823,0.0,568026333,455474112,4631,8192,541.7121248245239,434.37396240234375,0.004416465759277344,0.0078125
WT,5,q0011,ok,E:\zyc\project\out_wt\queries\pilot_protocol_wt_eq5\_summary.json,12.534947395324707,153.04359245300293,2.893587827682495,168.47212767601013,168.47212767601013,0.0,50206395,43866944,40801,80512,47.88054943084717,41.83477783203125,0.038910865783691406,0.0767822265625
WT,5,q0012,ok,E:\zyc\project\out_wt\queries\pilot_protocol_wt_eq5\_summary.json,29.1779727935791,128.4195671081543,4.157407283782959,161.75494718551636,161.75494718551636,0.0,112342515,93299968,19799,38528,107.13817119598389,88.977783203125,0.018881797790527344,0.0367431640625
WT,5,q0013,ok,E:\zyc\project\out_wt\queries\pilot_protocol_wt_eq5\_summary.json,17.5344820022583,154.0332384109497,2.863837480545044,174.43155789375305,174.43155789375305,0.0,37395110,33871488,47265,93440,35.66275596618652,32.3023681640625,0.045075416564941406,0.089111328125
WT,5,q0014,ok,E:\zyc\project\out_wt\queries\pilot_protocol_wt_eq5\_summary.json,576.1628413200378,146.63304448127747,2.7372045516967773,725.5330903530121,725.5330903530121,0.0,661964938,531883648,1965,2880,631.2989597320557,507.2437744140625,0.0018739700317382812,0.00274658203125
WT,5,q0015,ok,E:\zyc\project\out_wt\queries\pilot_protocol_wt_eq5\_summary.json,89.50073409080505,120.03866124153137,3.0212819576263428,212.56067728996277,212.56067728996277,0.0,55456946,46844096,58337,115584,52.88786506652832,44.67401123046875,0.055634498596191406,0.1102294921875
HC,7,q0001,ok,E:\zyc\project\out\queries\pilot_protocol_hc_eq7\_summary.json,2.1594150066375732,1.033083200454712,2.471214771270752,5.663712978363037,5.663712978363037,0.0,179210,163520,520683,1040256,0.17090797424316406,0.15594482421875,0.49656200408935547,0.9920654296875
HC,7,q0002,ok,E:\zyc\project\out\queries\pilot_protocol_hc_eq7\_summary.json,2.1477675437927246,1.1899385452270508,2.495515823364258,5.833221912384033,5.833221912384033,0.0,176560,161408,630315,1259520,0.1683807373046875,0.1539306640625,0.6011152267456055,1.201171875
HC,7,q0003,ok,E:\zyc\project\out\queries\pilot_protocol_hc_eq7\_summary.json,2.093878984451294,1.0425660610198975,2.4438257217407227,5.580270767211914,5.580270767211914,0.0,173324,158848,504747,1008384,0.16529464721679688,0.1514892578125,0.48136425018310547,0.961669921875
HC,7,q0004,ok,E:\zyc\project\out\queries\pilot_protocol_hc_eq7\_summary.json,2.075671672821045,0.9652249813079834,2.331693649291992,5.3725903034210205,5.3725903034210205,0.0,174067,159424,325927,650752,0.16600322723388672,0.15203857421875,0.31082820892333984,0.62060546875
HC,7,q0005,ok,E:\zyc\project\out\queries\pilot_protocol_hc_eq7\_summary.json,2.090137481689453,0.96669602394104,2.409273386001587,5.46610689163208,5.46610689163208,0.0,175337,158848,484651,968192,0.16721439361572266,0.1514892578125,0.46219921112060547,0.92333984375
HC,7,q0006,ok,E:\zyc\project\out\queries\pilot_protocol_hc_eq7\_summary.json,2.4078660011291504,1.0035362243652344,2.383565902709961,5.794968128204346,5.794968128204346,0.0,182880,163264,461355,921600,0.174407958984375,0.15570068359375,0.43998241424560547,0.87890625
HC,7,q0007,ok,E:\zyc\project\out\queries\pilot_protocol_hc_eq7\_summary.json,2.077924966812134,0.9827182292938232,2.4343602657318115,5.4950034618377686,5.4950034618377686,0.0,181747,163968,534795,1068480,0.17332744598388672,0.1563720703125,0.5100202560424805,1.01898193359375
HC,7,q0008,ok,E:\zyc\project\out\queries\pilot_protocol_hc_eq7\_summary.json,2.1642792224884033,0.9900462627410889,2.362980842590332,5.517306327819824,5.517306327819824,0.0,184123,165056,356935,712768,0.17559337615966797,0.15740966796875,0.34039974212646484,0.67974853515625
HC,7,q0009,ok,E:\zyc\project\out\queries\pilot_protocol_hc_eq7\_summary.json,2.0780398845672607,1.2994306087493896,2.6849746704101562,6.062445163726807,6.062445163726807,0.0,181847,161664,1013163,2025216,0.17342281341552734,0.1541748046875,0.9662275314331055,1.931396484375
HC,7,q0010,ok,E:\zyc\project\out\queries\pilot_protocol_hc_eq7\_summary.json,2.234041690826416,1.0152103900909424,2.440993547439575,5.690245628356934,5.690245628356934,0.0,176787,161600,549963,1098816,0.16859722137451172,0.15411376953125,0.5244855880737305,1.04791259765625
HC,7,q0011,ok,E:\zyc\project\out\queries\pilot_protocol_hc_eq7\_summary.json,2.1351051330566406,1.0550308227539062,2.4417169094085693,5.631852865219116,5.631852865219116,0.0,178200,161920,485067,969024,0.16994476318359375,0.1544189453125,0.46259593963623047,0.92413330078125
HC,7,q0012,ok,E:\zyc\project\out\queries\pilot_protocol_hc_eq7\_summary.json,2.0782604217529297,0.8539004325866699,2.178724527359009,5.110885381698608,5.110885381698608,0.0,193896,175232,2253,3456,0.18491363525390625,0.1671142578125,0.0021486282348632812,0.0032958984375
HC,7,q0013,ok,E:\zyc\project\out\queries\pilot_protocol_hc_eq7\_summary.json,2.0818850994110107,1.0169496536254883,2.50695538520813,5.605790138244629,5.605790138244629,0.0,180760,163968,583851,1166592,0.17238616943359375,0.1563720703125,0.5568037033081055,1.112548828125
HC,7,q0014,ok,E:\zyc\project\out\queries\pilot_protocol_hc_eq7\_summary.json,2.0826032161712646,0.961477518081665,2.3797733783721924,5.423854112625122,5.423854112625122,0.0,181837,161664,307553,614016,0.17341327667236328,0.1541748046875,0.2933053970336914,0.5855712890625
HC,7,q0015,ok,E:\zyc\project\out\queries\pilot_protocol_hc_eq7\_summary.json,2.102996349334717,1.0242559909820557,2.401805877685547,5.529058218002319,5.529058218002319,0.0,183880,164864,480363,959616,0.17536163330078125,0.1572265625,0.45810985565185547,0.9151611328125
MA,7,q0001,ok,E:\zyc\project\out_ma\queries\pilot_protocol_ma_eq7\_summary.json,2.534291982650757,28.801482677459717,3.1142804622650146,34.45005512237549,34.45005512237549,0.0,2492280,2470784,1646475,3291840,2.3768234252929688,2.3563232421875,1.5702009201049805,3.13934326171875
MA,7,q0002,ok,E:\zyc\project\out_ma\queries\pilot_protocol_ma_eq7\_summary.json,2.417559862136841,28.895976305007935,2.927185297012329,34.240721464157104,34.240721464157104,0.0,2498416,2474880,1323435,2645760,2.3826751708984375,2.3602294921875,1.2621259689331055,2.523193359375
MA,7,q0003,ok,E:\zyc\project\out_ma\queries\pilot_protocol_ma_eq7\_summary.json,2.53840708732605,29.19519543647766,3.1714491844177246,34.905051708221436,34.905051708221436,0.0,2520796,2493568,1947115,3893120,2.4040184020996094,2.3780517578125,1.8569135665893555,3.7127685546875
MA,7,q0004,ok,E:\zyc\project\out_ma\queries\pilot_protocol_ma_eq7\_summary.json,2.545837163925171,28.934680223464966,3.209117889404297,34.689635276794434,34.689635276794434,0.0,2529376,2499648,1850667,3700224,2.412200927734375,2.38385009765625,1.7649335861206055,3.52880859375
MA,7,q0005,ok,E:\zyc\project\out_ma\queries\pilot_protocol_ma_eq7\_summary.json,2.5137205123901367,28.828020811080933,3.122023105621338,34.46376442909241,34.46376442909241,0.0,2473907,2456896,1602219,3203328,2.3593015670776367,2.34307861328125,1.5279951095581055,3.054931640625
MA,7,q0006,ok,E:\zyc\project\out_ma\queries\pilot_protocol_ma_eq7\_summary.json,2.669184684753418,29.210082530975342,2.887056350708008,34.76632356643677,34.76632356643677,0.0,2518773,2491968,1189099,2377088,2.4020891189575195,2.37652587890625,1.1340131759643555,2.2669677734375
MA,7,q0007,ok,E:\zyc\project\out_ma\queries\pilot_protocol_ma_eq7\_summary.json,2.4236643314361572,33.33746790885925,3.009894371032715,38.771026611328125,38.771026611328125,0.0,2548219,2513920,1439723,2878336,2.430171012878418,2.3974609375,1.3730268478393555,2.7449951171875
MA,7,q0008,ok,E:\zyc\project\out_ma\queries\pilot_protocol_ma_eq7\_summary.json,3.3055007457733154,28.072773933410645,2.8387224674224854,34.216997146606445,34.216997146606445,0.0,2504479,2478144,1331243,2661376,2.3884572982788086,2.36334228515625,1.2695722579956055,2.5380859375
MA,7,q0009,ok,E:\zyc\project\out_ma\queries\pilot_protocol_ma_eq7\_summary.json,4.935992240905762,29.270253896713257,3.002880573272705,37.209126710891724,37.209126710891724,0.0,2608740,2564736,1660395,3319680,2.4878883361816406,2.4459228515625,1.5834760665893555,3.1658935546875
MA,7,q0010,ok,E:\zyc\project\out_ma\queries\pilot_protocol_ma_eq7\_summary.json,2.467463970184326,27.26538634300232,2.779599905014038,32.512450218200684,32.512450218200684,0.0,2478947,2460928,1169323,2337536,2.364108085632324,2.346923828125,1.1151533126831055,2.229248046875
MA,7,q0011,ok,E:\zyc\project\out_ma\queries\pilot_protocol_ma_eq7\_summary.json,2.3611276149749756,26.748610496520996,3.004549264907837,32.11428737640381,32.11428737640381,0.0,2489936,2468096,1660011,3318912,2.3745880126953125,2.353759765625,1.5831098556518555,3.1651611328125
MA,7,q0012,ok,E:\zyc\project\out_ma\queries\pilot_protocol_ma_eq7\_summary.json,2.8719115257263184,28.884215354919434,2.8270554542541504,34.5831823348999,34.5831823348999,0.0,2497363,2474048,1165355,2329600,2.3816709518432617,2.35943603515625,1.1113691329956055,2.2216796875
MA,7,q0013,ok,E:\zyc\project\out_ma\queries\pilot_protocol_ma_eq7\_summary.json,2.396374225616455,30.49003839492798,3.361995220184326,36.24840784072876,36.24840784072876,0.0,2530637,2502272,1887787,3774464,2.4134035110473633,2.3863525390625,1.8003339767456055,3.599609375
MA,7,q0014,ok,E:\zyc\project\out_ma\queries\pilot_protocol_ma_eq7\_summary.json,2.4373834133148193,30.720935583114624,3.010188102722168,36.16850709915161,36.16850709915161,0.0,2523925,2494464,1426987,2852864,2.4070024490356445,2.37890625,1.3608808517456055,2.720703125
MA,7,q0015,ok,E:\zyc\project\out_ma\queries\pilot_protocol_ma_eq7\_summary.json,3.458247423171997,31.17640972137451,3.059907913208008,37.69456505775452,37.69456505775452,0.0,2607756,2563136,1647627,3294144,2.486949920654297,2.44439697265625,1.5712995529174805,3.14154052734375
WT,7,q0001,ok,E:\zyc\project\out_wt\queries\pilot_protocol_wt_eq7\_summary.json,16.32974338531494,119.94285273551941,4.177742004394531,140.45033812522888,140.45033812522888,0.0,41242673,38636544,57569,114048,39.332077980041504,36.8466796875,0.054902076721191406,0.1087646484375
WT,7,q0002,ok,E:\zyc\project\out_wt\queries\pilot_protocol_wt_eq7\_summary.json,17.63183355331421,119.01952505111694,3.1881649494171143,139.83952355384827,139.83952355384827,0.0,44872384,41515520,58273,115456,42.79364013671875,39.59228515625,0.055573463439941406,0.110107421875
WT,7,q0003,ok,E:\zyc\project\out_wt\queries\pilot_protocol_wt_eq7\_summary.json,11.866312742233276,115.47813105583191,2.965698480606079,130.31014227867126,130.31014227867126,0.0,56465655,50681152,36989,72896,53.84984493255615,48.33331298828125,0.03527545928955078,0.06951904296875
WT,7,q0004,ok,E:\zyc\project\out_wt\queries\pilot_protocol_wt_eq7\_summary.json,13.459621667861938,161.9970679283142,2.8578319549560547,178.3145215511322,178.3145215511322,0.0,57743034,51644544,43169,85248,55.06804847717285,49.2520751953125,0.041169166564941406,0.081298828125
WT,7,q0005,ok,E:\zyc\project\out_wt\queries\pilot_protocol_wt_eq7\_summary.json,25.974292278289795,118.59362435340881,3.108257532119751,147.67617416381836,147.67617416381836,0.0,85525635,70794944,40477,79872,81.56360149383545,67.51531982421875,0.03860187530517578,0.076171875
WT,7,q0006,ok,E:\zyc\project\out_wt\queries\pilot_protocol_wt_eq7\_summary.json,16.309118270874023,149.3663489818573,3.270310878753662,168.94577813148499,168.94577813148499,0.0,74174504,64719296,22711,44352,70.73831939697266,61.72113037109375,0.021658897399902344,0.04229736328125
WT,7,q0007,ok,E:\zyc\project\out_wt\queries\pilot_protocol_wt_eq7\_summary.json,8.962194919586182,156.9180200099945,2.890915870666504,168.7711308002472,168.7711308002472,0.0,42295388,39471168,63905,126720,40.33602523803711,37.64263916015625,0.060944557189941406,0.120849609375
WT,7,q0008,ok,E:\zyc\project\out_wt\queries\pilot_protocol_wt_eq7\_summary.json,11.802710771560669,143.75505542755127,3.0031471252441406,158.56091332435608,158.56091332435608,0.0,47146711,43241856,57569,114048,44.96260738372803,41.2386474609375,0.054902076721191406,0.1087646484375
WT,7,q0009,ok,E:\zyc\project\out_wt\queries\pilot_protocol_wt_eq7\_summary.json,8.357659339904785,146.3355312347412,2.889554738998413,157.5827453136444,157.5827453136444,0.0,40752034,38242368,59425,117760,38.86416816711426,36.47076416015625,0.056672096252441406,0.1123046875
WT,7,q0010,ok,E:\zyc\project\out_wt\queries\pilot_protocol_wt_eq7\_summary.json,11.130486011505127,138.12596940994263,2.714188814163208,151.97064423561096,151.97064423561096,0.0,54524949,49096128,48961,96832,51.999043464660645,46.82171630859375,0.046692848205566406,0.09234619140625
WT,7,q0011,ok,E:\zyc\project\out_wt\queries\pilot_protocol_wt_eq7\_summary.json,9.296013355255127,107.3489158153534,2.9884471893310547,119.63337635993958,119.63337635993958,0.0,42321303,39497728,57569,114048,40.36073970794678,37.66796875,0.054902076721191406,0.1087646484375
WT,7,q0012,ok,E:\zyc\project\out_wt\queries\pilot_protocol_wt_eq7\_summary.json,11.817874670028687,146.82588148117065,2.926323413848877,161.57007956504822,161.57007956504822,0.0,57572158,51566336,31767,62464,54.90508842468262,49.177490234375,0.030295372009277344,0.0595703125
WT,7,q0013,ok,E:\zyc\project\out_wt\queries\pilot_protocol_wt_eq7\_summary.json,19.852560997009277,114.95458722114563,3.018306016921997,137.8254542350769,137.8254542350769,0.0,81150422,70018176,38557,76032,77.39107322692871,66.7745361328125,0.03677082061767578,0.072509765625
WT,7,q0014,ok,E:\zyc\project\out_wt\queries\pilot_protocol_wt_eq7\_summary.json,9.559755086898804,114.42289710044861,3.043928861618042,127.02658104896545,127.02658104896545,0.0,41457749,38806080,57505,113920,39.537190437316895,37.00836181640625,0.054841041564941406,0.108642578125
WT,7,q0015,ok,E:\zyc\project\out_wt\queries\pilot_protocol_wt_eq7\_summary.json,22.274075984954834,154.35346794128418,2.8513519763946533,179.47889590263367,179.47889590263367,0.0,80669271,69763456,39453,77824,76.93221187591553,66.5316162109375,0.03762531280517578,0.07421875
HC,9,q0001,ok,E:\zyc\project\out\queries\pilot_protocol_hc_eq9\_summary.json,2.1473701000213623,1.0498359203338623,2.4190337657928467,5.616239786148071,5.616239786148071,0.0,237756,215872,438955,876800,0.22674179077148438,0.20587158203125,0.41862010955810547,0.836181640625
HC,9,q0002,ok,E:\zyc\project\out\queries\pilot_protocol_hc_eq9\_summary.json,2.1523540019989014,1.5236761569976807,3.0767054557800293,6.752735614776611,6.752735614776611,0.0,238906,213632,1622955,3244800,0.22783851623535156,0.2037353515625,1.5477705001831055,3.094482421875
HC,9,q0003,ok,E:\zyc\project\out\queries\pilot_protocol_hc_eq9\_summary.json,2.138681411743164,1.0491292476654053,2.4683589935302734,5.656169652938843,5.656169652938843,0.0,224770,204736,551787,1102464,0.2143573760986328,0.19525146484375,0.5262250900268555,1.0513916015625
HC,9,q0004,ok,E:\zyc\project\out\queries\pilot_protocol_hc_eq9\_summary.json,2.0913264751434326,1.0241289138793945,2.425154209136963,5.54060959815979,5.54060959815979,0.0,232573,210944,336551,672000,0.22179889678955078,0.201171875,0.32096004486083984,0.640869140625
HC,9,q0005,ok,E:\zyc\project\out\queries\pilot_protocol_hc_eq9\_summary.json,2.0935728549957275,1.0287818908691406,2.4353792667388916,5.55773401260376,5.55773401260376,0.0,241796,218304,490155,979200,0.23059463500976562,0.20819091796875,0.46744823455810547,0.933837890625
HC,9,q0006,ok,E:\zyc\project\out\queries\pilot_protocol_hc_eq9\_summary.json,2.1025378704071045,1.2466576099395752,2.40584397315979,5.75503945350647,5.75503945350647,0.0,241656,217408,466795,932480,0.23046112060546875,0.20733642578125,0.44517040252685547,0.8892822265625
HC,9,q0007,ok,E:\zyc\project\out\queries\pilot_protocol_hc_eq9\_summary.json,2.091413974761963,1.0550482273101807,2.429035186767578,5.575497388839722,5.575497388839722,0.0,232190,211456,506923,1012736,0.2214336395263672,0.20166015625,0.48343944549560547,0.9658203125
HC,9,q0008,ok,E:\zyc\project\out\queries\pilot_protocol_hc_eq9\_summary.json,2.1387827396392822,0.9597694873809814,2.26141095161438,5.3599631786346436,5.3599631786346436,0.0,241546,216512,231713,462336,0.23035621643066406,0.20648193359375,0.2209787368774414,0.44091796875
HC,9,q0009,ok,E:\zyc\project\out\queries\pilot_protocol_hc_eq9\_summary.json,2.088223695755005,0.9415242671966553,2.353368043899536,5.383116006851196,5.383116006851196,0.0,245396,217216,313793,626496,0.23402786254882812,0.2071533203125,0.2992563247680664,0.59747314453125
HC,9,q0010,ok,E:\zyc\project\out\queries\pilot_protocol_hc_eq9\_summary.json,2.1119494438171387,1.0051078796386719,2.442420244216919,5.5594775676727295,5.5594775676727295,0.0,239330,213184,601323,1201536,0.2282428741455078,0.20330810546875,0.5734663009643555,1.1458740234375
HC,9,q0011,ok,E:\zyc\project\out\queries\pilot_protocol_hc_eq9\_summary.json,2.2024919986724854,0.9532394409179688,2.4092891216278076,5.565020561218262,5.565020561218262,0.0,245426,218816,346919,692736,0.2340564727783203,0.20867919921875,0.33084774017333984,0.66064453125
HC,9,q0012,ok,E:\zyc\project\out\queries\pilot_protocol_hc_eq9\_summary.json,2.07785964012146,0.9958572387695312,2.428903102874756,5.502619981765747,5.502619981765747,0.0,236453,214848,374311,747520,0.22549915313720703,0.20489501953125,0.35697078704833984,0.712890625
HC,9,q0013,ok,E:\zyc\project\out\queries\pilot_protocol_hc_eq9\_summary.json,2.0891177654266357,0.9984195232391357,2.3602569103240967,5.447794198989868,5.447794198989868,0.0,239906,216000,394343,787584,0.2287921905517578,0.20599365234375,0.37607479095458984,0.7510986328125
HC,9,q0014,ok,E:\zyc\project\out\queries\pilot_protocol_hc_eq9\_summary.json,2.0825436115264893,1.0475645065307617,2.4112722873687744,5.541380405426025,5.541380405426025,0.0,233460,212480,489259,977408,0.22264480590820312,0.20263671875,0.46659374237060547,0.93212890625
HC,9,q0015,ok,E:\zyc\project\out\queries\pilot_protocol_hc_eq9\_summary.json,2.0956497192382812,1.0479745864868164,2.4287831783294678,5.572407484054565,5.572407484054565,0.0,228487,208512,528971,1056832,0.21790218353271484,0.1988525390625,0.5044660568237305,1.00787353515625
MA,9,q0001,ok,E:\zyc\project\out_ma\queries\pilot_protocol_ma_eq9\_summary.json,3.1743004322052,35.41084361076355,3.1380529403686523,41.7231969833374,41.7231969833374,0.0,3233444,3199168,1741067,3481024,3.0836524963378906,3.05096435546875,1.6604108810424805,3.31976318359375
MA,9,q0002,ok,E:\zyc\project\out_ma\queries\pilot_protocol_ma_eq9\_summary.json,2.7040915489196777,37.32961130142212,2.976289749145508,43.009992599487305,43.009992599487305,0.0,3210271,3181440,1466667,2932224,3.0615530014038086,3.0340576171875,1.3987226486206055,2.79638671875
MA,9,q0003,ok,E:\zyc\project\out_ma\queries\pilot_protocol_ma_eq9\_summary.json,3.1233599185943604,37.18941783905029,5.379181146621704,45.69195890426636,45.69195890426636,0.0,3226088,3194880,2199723,4398336,3.0766372680664062,3.046875,2.0978193283081055,4.194580078125
MA,9,q0004,ok,E:\zyc\project\out_ma\queries\pilot_protocol_ma_eq9\_summary.json,3.8988780975341797,35.16664910316467,3.805830717086792,42.871357917785645,42.871357917785645,0.0,3257767,3219392,2840235,5679360,3.10684871673584,3.07025146484375,2.7086591720581055,5.416259765625
MA,9,q0005,ok,E:\zyc\project\out_ma\queries\pilot_protocol_ma_eq9\_summary.json,2.4809577465057373,33.975268840789795,2.9186713695526123,39.374897956848145,39.374897956848145,0.0,3220225,3190208,1286315,2571520,3.0710458755493164,3.04241943359375,1.2267255783081055,2.452392578125
MA,9,q0006,ok,E:\zyc\project\out_ma\queries\pilot_protocol_ma_eq9\_summary.json,2.480698585510254,34.09241247177124,3.2217864990234375,39.79489755630493,39.79489755630493,0.0,3255534,3216832,1773003,3544896,3.1047191619873047,3.06781005859375,1.6908674240112305,3.38067626953125
MA,9,q0007,ok,E:\zyc\project\out_ma\queries\pilot_protocol_ma_eq9\_summary.json,2.5113751888275146,36.52928900718689,3.4087300300598145,42.44939422607422,42.44939422607422,0.0,3232100,3196480,2406891,4812672,3.0823707580566406,3.04840087890625,2.2953901290893555,4.5897216796875
MA,9,q0008,ok,E:\zyc\project\out_ma\queries\pilot_protocol_ma_eq9\_summary.json,2.3844969272613525,36.19913911819458,3.2362451553344727,41.819881200790405,41.819881200790405,0.0,3222964,3190784,2063915,4126720,3.073657989501953,3.04296875,1.9683027267456055,3.935546875
MA,9,q0009,ok,E:\zyc\project\out_ma\queries\pilot_protocol_ma_eq9\_summary.json,2.429638147354126,35.29370999336243,3.2423291206359863,40.96567726135254,40.96567726135254,0.0,3231148,3198144,2040363,4079616,3.081462860107422,3.04998779296875,1.9458417892456055,3.890625
MA,9,q0010,ok,E:\zyc\project\out_ma\queries\pilot_protocol_ma_eq9\_summary.json,2.3955702781677246,36.08051943778992,3.183748722076416,41.65983843803406,41.65983843803406,0.0,3214818,3185088,1972651,3944192,3.065889358520508,3.03753662109375,1.8812665939331055,3.761474609375
MA,9,q0011,ok,E:\zyc\project\out_ma\queries\pilot_protocol_ma_eq9\_summary.json,2.5221168994903564,34.83810353279114,3.39518141746521,40.755401849746704,40.755401849746704,0.0,3237951,3204352,2379787,4758464,3.0879507064819336,3.055908203125,2.2695417404174805,4.53802490234375
MA,9,q0012,ok,E:\zyc\project\out_ma\queries\pilot_protocol_ma_eq9\_summary.json,2.703277587890625,34.72434592247009,3.201752185821533,40.62937569618225,40.62937569618225,0.0,3232238,3199808,1996555,3992000,3.0825023651123047,3.05157470703125,1.9040632247924805,3.80706787109375
MA,9,q0013,ok,E:\zyc\project\out_ma\queries\pilot_protocol_ma_eq9\_summary.json,2.5578677654266357,34.813695192337036,3.502687454223633,40.874250411987305,40.874250411987305,0.0,3246944,3210752,2582571,5164032,3.096527099609375,3.06201171875,2.4629316329956055,4.9248046875
MA,9,q0014,ok,E:\zyc\project\out_ma\queries\pilot_protocol_ma_eq9\_summary.json,2.3413376808166504,34.578763484954834,3.3253328800201416,40.245434045791626,40.245434045791626,0.0,3214695,3185792,2023275,4045440,3.06577205657959,3.0382080078125,1.9295454025268555,3.8580322265625
MA,9,q0015,ok,E:\zyc\project\out_ma\queries\pilot_protocol_ma_eq9\_summary.json,2.4165663719177246,35.222886085510254,3.2384328842163086,40.87788534164429,40.87788534164429,0.0,3221071,3190080,2110251,4219392,3.071852684020996,3.04229736328125,2.0124921798706055,4.02392578125
WT,9,q0001,ok,E:\zyc\project\out_wt\queries\pilot_protocol_wt_eq9\_summary.json,10.548664808273315,144.49153685569763,3.1598219871520996,158.20002365112305,158.20002365112305,0.0,52515991,49326080,61793,122496,50.08315181732178,47.041015625,0.058930397033691406,0.1168212890625
WT,9,q0002,ok,E:\zyc\project\out_wt\queries\pilot_protocol_wt_eq9\_summary.json,11.435664176940918,115.88852024078369,2.9959022998809814,130.3200867176056,130.3200867176056,0.0,52040023,48948672,65313,129536,49.62923336029053,46.68109130859375,0.062287330627441406,0.12353515625
WT,9,q0003,ok,E:\zyc\project\out_wt\queries\pilot_protocol_wt_eq9\_summary.json,11.335905313491821,114.23428249359131,3.0896990299224854,128.65988683700562,128.65988683700562,0.0,52298219,49152704,63905,126720,49.875468254089355,46.87567138671875,0.060944557189941406,0.120849609375
WT,9,q0004,ok,E:\zyc\project\out_wt\queries\pilot_protocol_wt_eq9\_summary.json,11.24784803390503,115.3019597530365,4.022110939025879,130.5719187259674,130.5719187259674,0.0,52122459,49012096,56865,112640,49.70785045623779,46.7415771484375,0.054230690002441406,0.107421875
WT,9,q0005,ok,E:\zyc\project\out_wt\queries\pilot_protocol_wt_eq9\_summary.json,27.473240852355957,121.78658485412598,3.0145480632781982,152.27437376976013,152.27437376976013,0.0,71990125,64655488,35485,69888,68.65513324737549,61.6602783203125,0.03384113311767578,0.066650390625
WT,9,q0006,ok,E:\zyc\project\out_wt\queries\pilot_protocol_wt_eq9\_summary.json,14.796633005142212,137.49105143547058,2.752249002456665,155.03993344306946,155.03993344306946,0.0,65169688,59322048,28695,56320,62.150657653808594,56.57391357421875,0.027365684509277344,0.0537109375
WT,9,q0007,ok,E:\zyc\project\out_wt\queries\pilot_protocol_wt_eq9\_summary.json,10.129371881484985,153.23559737205505,2.9245879650115967,166.28955721855164,166.28955721855164,0.0,51840571,48789952,66017,130944,49.43902111053467,46.52972412109375,0.0629587173461914,0.1248779296875
WT,9,q0008,ok,E:\zyc\project\out_wt\queries\pilot_protocol_wt_eq9\_summary.json,9.833945035934448,155.55431389808655,2.918978691101074,168.30723762512207,168.30723762512207,0.0,51781500,48737664,61345,121600,49.382686614990234,46.4798583984375,0.058503150939941406,0.115966796875
WT,9,q0009,ok,E:\zyc\project\out_wt\queries\pilot_protocol_wt_eq9\_summary.json,11.97593903541565,146.41319870948792,2.917464017868042,161.3066017627716,161.3066017627716,0.0,65524900,59605376,27639,54208,62.48941421508789,56.8441162109375,0.026358604431152344,0.05169677734375
WT,9,q0010,ok,E:\zyc\project\out_wt\queries\pilot_protocol_wt_eq9\_summary.json,10.663567543029785,118.34236645698547,3.135174036026001,132.14110803604126,132.14110803604126,0.0,52444595,49271488,63905,126720,50.01506328582764,46.98895263671875,0.060944557189941406,0.120849609375
WT,9,q0011,ok,E:\zyc\project\out_wt\queries\pilot_protocol_wt_eq9\_summary.json,10.138746976852417,113.89756536483765,2.9869155883789062,127.02322793006897,127.02322793006897,0.0,52073543,48975488,58785,116480,49.661200523376465,46.7066650390625,0.056061744689941406,0.111083984375
WT,9,q0012,ok,E:\zyc\project\out_wt\queries\pilot_protocol_wt_eq9\_summary.json,15.087053060531616,115.04864835739136,3.8762223720550537,134.01192378997803,134.01192378997803,0.0,72504259,65065088,27639,54208,69.1454496383667,62.0509033203125,0.026358604431152344,0.05169677734375
WT,9,q0013,ok,E:\zyc\project\out_wt\queries\pilot_protocol_wt_eq9\_summary.json,17.367987632751465,166.87628889083862,3.258324384689331,187.50260090827942,187.50260090827942,0.0,51826127,48775872,59425,117760,49.425246238708496,46.51629638671875,0.056672096252441406,0.1123046875
WT,9,q0014,ok,E:\zyc\project\out_wt\queries\pilot_protocol_wt_eq9\_summary.json,14.680939435958862,117.15420413017273,3.012436866760254,134.84758043289185,134.84758043289185,0.0,72594182,65137024,28695,56320,69.2312068939209,62.1195068359375,0.027365684509277344,0.0537109375
WT,9,q0015,ok,E:\zyc\project\out_wt\queries\pilot_protocol_wt_eq9\_summary.json,10.700032234191895,153.52437090873718,2.9225077629089355,167.146910905838,167.146910905838,0.0,52507843,49318720,56865,112640,50.0753812789917,47.03399658203125,0.054230690002441406,0.107421875
